etl_dv_tbl_id|dv_tbl_nm
750|arc_plc_elct_rh
752|arc_plc_elct_rs
902|arc_plc_elg_dter_rh
903|arc_plc_elg_dter_rs
754|clu_prdr_l
756|clu_prdr_yr_ls
758|clu_yr_ls
760|cnsv_prac_rh
762|cnsv_prac_rs
861|core_cust_h
764|crop_farm_l
751|crop_farm_yr_adj_arc_plc_hs
753|crop_farm_yr_adj_dcp_ls
755|crop_farm_yr_adj_irr_ls
766|crop_farm_yr_dcp_ls
768|crop_tr_ctr_l
757|crop_tr_ctr_ls
770|crop_tr_dcp_l
772|crop_tr_yr_dcp_adj_ls
759|crop_tr_yr_dcp_ls
761|dcp_adj_rsn_rh
774|dcp_adj_rsn_rs
763|dcp_adj_type_rh
776|dcp_adj_type_rs
765|div_mthd_type_rh
767|div_mthd_type_rs
778|farm_chg_type_rh
780|farm_chg_type_rs
782|farm_crop_adj_type_rh
784|farm_crop_adj_type_rs
769|farm_crop_irr_hist_l
771|farm_h
773|farm_hs
786|farm_prdr_cw_excp_rh
775|farm_prdr_cw_excp_rs
777|farm_prdr_hel_excp_rh
788|farm_prdr_hel_excp_rs
790|farm_prdr_l
779|farm_prdr_pcw_excp_rh
792|farm_prdr_pcw_excp_rs
794|farm_prdr_yr_ls
857|farm_rcon_l
781|farm_rcon_ls
796|farm_tr_l
798|farm_tr_yr_ls
783|farm_yr_crop_irr_hist_ls
785|farm_yr_dcp_hs
787|farm_yr_hs
864|fld_clu_yr_hs
863|fld_h
800|fld_hel_stat_rh
789|fld_hel_stat_rs
802|fld_prdr_cw_excp_rh
791|fld_prdr_cw_excp_rs
804|fld_prdr_hel_excp_rh
806|fld_prdr_hel_excp_rs
793|fld_prdr_invl_rh
808|fld_prdr_invl_rs
795|fld_prdr_pcw_excp_rh
810|fld_prdr_pcw_excp_rs
797|frs_cnty_ofc_ctl_rs
799|frs_dmn_rh
801|frs_dmn_rs
812|frs_dmn_val_rh
814|frs_dmn_val_rs
803|frs_pgm_rh
805|frs_pgm_rs
816|frs_tm_prd_rs
862|fsa_cnty_rh
811|hel_tr_rh
813|hel_tr_rs
818|irr_cnty_crop_l
815|irr_cnty_crop_ls
817|land_cls_rh
819|land_cls_rs
821|midas_farm_rcon_ls
823|midas_farm_xfr_ls
825|midas_tr_rcon_ls
820|pgm_crop_l
822|pgm_crop_ls
824|prdr_invl_rh
826|prdr_invl_rs
827|rcon_crop_l
828|rcon_crop_ls
829|rcon_rs
865|rma_cw_excp_rh
866|rma_cw_excp_rs
867|rma_hel_excp_rh
868|rma_hel_excp_rs
869|rma_pcw_excp_rh
901|rma_pcw_excp_rs
831|tr_h
833|tr_hs
830|tr_prdr_cw_excp_rh
832|tr_prdr_cw_excp_rs
835|tr_prdr_hel_excp_rh
837|tr_prdr_hel_excp_rs
834|tr_prdr_invl_rh
839|tr_prdr_invl_rs
841|tr_prdr_l
843|tr_prdr_pcw_excp_rh
836|tr_prdr_pcw_excp_rs
845|tr_prdr_yr_ls
859|tr_rcon_l
838|tr_rcon_ls
840|tr_yr_adj_ls
842|tr_yr_adj_rsn_rh
847|tr_yr_adj_rsn_rs
844|tr_yr_adj_type_rh
846|tr_yr_adj_type_rs
858|tr_yr_dcp_adj_ls
848|tr_yr_dcp_ls
849|tr_yr_wl_vlt_ls
850|wl_cert_cplt_rh
852|wl_cert_cplt_rs
854|wl_pres_rh
851|wl_pres_rs
853|wl_vlt_type_rh
855|wl_vlt_type_rs
856|yr_arc_plc_ptcp_elct_ls
